Row,Quantity Per PCB,References,Value,Datasheet,Footprint,Description,Manufacturer,PartNumber,Supplier Part Number
1,1,BT1,3.3V,,BatteryHolder_Keystone_103_1x20mm,Single-cell battery,Wurth Elektronik,79578211,
2,2,C13 C26,10nF,,C_0603_1608Metric_Pad1.08x0.95mm_HandSolder,"Ceramic capacitor, 10% 50V",*,*,
3,52,C1 C2 C3 C4 C5 C6 C7 C8 C9 C10 C11 C12 C14 C16 C17 C18 C19 C20 C21 C22 C23 C24 C25 C27 C28 C29 C30 C31 C32 C33 C34 C35 C36 C37 C38 C39 C40 C41 C42 C43 C44 C45 C46 C47 C48 C49 C50 C51 C52 C53 C54 C55,100nF,,C_0603_1608Metric_Pad1.08x0.95mm_HandSolder,"Ceramic capacitor, 10% 50V",*,*,
4,1,C15,1uF,,C_0603_1608Metric_Pad1.08x0.95mm_HandSolder,"Ceramic capacitor, 10% 50V",*,*,
5,4,C56 C61 C62 C64,10uF,,C_0603_1608Metric_Pad1.08x0.95mm_HandSolder,"Ceramic capacitor, 10% 50V Polarized capacitor, small symbol",*,*,
6,3,C58 C59 C60,22uF,,C_0805_2012Metric_Pad1.18x1.45mm_HandSolder,"Ceramic capacitor, 10% 50V",*,*,
7,3,C57 C63 C65,100uF,,C_0805_2012Metric_Pad1.18x1.45mm_HandSolder,"Ceramic capacitor, 10% 50V Polarized capacitor, small symbol",*,*,
8,2,D24 D25,*,http://www.onsemi.com/pub_link/Collateral/MRA4003T3-D.PDF,D_SMA,"400V, 1A, General Purpose Rectifier Diode, SMA(DO-214AC)",Onsemi,MRA4004T3G,
9,1,D30,13V,https://diotec.com/tl_files/diotec/files/pdf/datasheets/bzt52b2v4.pdf,D_SOD-123F,"500mW Zener Diode, SOD-123F",*,BZT52B13,
10,1,D32,18V,https://diotec.com/tl_files/diotec/files/pdf/datasheets/bzt52b2v4.pdf,D_SOD-123F,"500mW Zener Diode, SOD-123F",*,BZT52B18,
11,1,D31,22V,,D_0603_1608Metric_Pad1.05x0.95mm_HandSolder,Bidirectional transient-voltage-suppression diode,SEMTECH,RCLAMP2261PW.C,
12,1,D33,2A,https://www.onsemi.com/pdf/datasheet/murs220t3-d.pdf,D_SMB,"Diode, small symbol",onsemi,MURS220T3G,
13,5,D1 D6 D11 D22 D28,3.3V,https://assets.nexperia.com/documents/data-sheet/PESDXL5UF_V_Y.pdf,SOT-363_SC-70-6,"Low capacitance unidirectional fivefold ESD protection diode array, 3.3V, Common Anode, SOT-363",Nexperia,PESD3V3L5UY,
14,12,D7 D8 D9 D10 D12 D13 D14 D15 D16 D17 D19 D20,3.3V,,D_SOD-123F,"Zener diode, small symbol",Diotec,BZT52C3V3,
15,1,D18,5.5V,http://www.littelfuse.com/~/media/files/littelfuse/technical%20resources/documents/data%20sheets/sp05xxba.pdf,SOT-143,"TVS Diode Array, 5.5V Standoff, 3 Channels, SOT-143 package",Littelfuse,SP0503BAHT,
16,2,D2 D5,5V,https://fscdn.rohm.com/en/products/databook/datasheet/discrete/diode/zener/vs5v0ua1lbtbr1-e.pdf,D_SMB,"TVS diode, 5.6V, 57A, 30kW",ROHM Semiconductor,VS5V0UA1LBTBR1,
17,1,D21,5V,https://cdn-shop.adafruit.com/datasheets/WS2812B.pdf,LED_WS2812B_PLCC4_5.0x5.0mm_P3.2mm,RGB LED with integrated controller,Adafruit,WS2812B,
18,4,D4 D26 D27 D29,5V,,LED_0805_2012Metric_Pad1.15x1.40mm_HandSolder,"Light emitting diode, small symbol",,LED,
19,1,D3,5V3,https://www.st.com/resource/en/datasheet/esdal.pdf,SOT-23-3,"TVS Diode Array, 5.5V Standoff, 2 Channels, SOT23",STMicroelectronics,ESDA5V3L,
20,2,F1 F2,1.75A,,Fuse_0603_1608Metric,"USB resettable Fuse : 1.75A, 6VDC",Littelfuse,0603L175SLYR,
21,1,F3,2A,https://www.littelfuse.com/media?resourcetype=datasheets&itemid=f237e8c2-1ed9-4c13-a738-dbe0738b3d2c&filename=2920l_datasheet_update.pdf,Fuse_2920_7451Metric_Pad2.10x5.45mm_HandSolder,"USB resettable Fuse : 2A, 24VDC",Littelfuse,2920L200/24,
22,1,J1,*,https://www.mouser.com/catalog/specsheets/JST_S2B-ZR-SM4A-TF(LF)(SN)_eZH.pdf,JST_ZH_S6B-ZR-SM4A-TF_1x06-1MP_P1.50mm_Horizontal,"Generic connectable mounting pin connector, single row, 01x06, script generated (kicad-library-utils/schlib/autogen/connector/)",JST,S6B-ZR-SM4A-TF,
23,5,J5 J10 J11 J27 J28,*,https://www.mouser.com/catalog/specsheets/JST_B4B_PH_SM4_TB_LF_SN_ePH.pdf,JST_PH_S6B-PH-SM4-TB_1x06-1MP_P2.00mm_Horizontal,"Generic connectable mounting pin connector, single row, 01x06, script generated (kicad-library-utils/schlib/autogen/connector/)",JST,S6B-PH-SM4-TB,
24,11,J7 J12 J13 J14 J15 J18 J22 J29 J30 J31 J32,*,chrome-extension://efaidnbmnnnibpcajpcglclefindmkaj/https://www.mouser.com/catalog/specsheets/JST_B4B_PH_SM4_TB_LF_SN_ePH.pdf,JST_PH_S4B-PH-SM4-TB_1x04-1MP_P2.00mm_Horizontal,"Generic connectable mounting pin connector, single row, 01x04, script generated (kicad-library-utils/schlib/autogen/connector/)",JST,S4B-PH-SM4-TB,
25,1,J16,*,,JST_PH_S3B-PH-SM4-TB_1x03-1MP_P2.00mm_Horizontal,"Generic connectable mounting pin connector, single row, 01x03, script generated (kicad-library-utils/schlib/autogen/connector/)",JST,S3B-PH-SM4-TB,
26,1,J17,*,,PinHeader_1x03_P2.54mm_Vertical,"Generic connector, single row, 01x03, script generated",,PinHeader,
27,3,J19 J20 J21,*,,PHOENIX_1x2_1928767,"Generic connector, single row, 01x02, script generated (kicad-library-utils/schlib/autogen/connector/)",Phoenix,1928767,
28,1,J2,*,https://www.mouser.com/catalog/specsheets/JST_S2B-ZR-SM4A-TF(LF)(SN)_eZH.pdf,JST_ZH_S4B-ZR-SM4A-TF_1x04-1MP_P1.50mm_Horizontal,"Generic connectable mounting pin connector, single row, 01x04, script generated (kicad-library-utils/schlib/autogen/connector/)",JST,S4B-ZR-SM4A-TF,
29,2,J8 J23,*,,"TerminalBlock_Phoenix_MPT-0,5-4-2.54_1x04_P2.54mm_Horizontal","Generic screw terminal, single row, 01x04, script generated (kicad-library-utils/schlib/autogen/connector/)",*,Screw_Terminal_01x04,
30,2,J24 J26,*,,PinHeader_1x03_P2.54mm_Vertical,"Generic connector, single row, 01x03, script generated",*,Pin_Header_01x03_P2.54mm,
31,1,J25,*,,"TerminalBlock_Phoenix_MKDS-1,5-6-5.08_1x06_P5.08mm_Horizontal","Generic screw terminal, single row, 01x06, script generated (kicad-library-utils/schlib/autogen/connector/)",*,Screw_Terminal_01x06,
32,2,J3 J6,*,,USB_B_Amphenol_MUSB-D511_Vertical_Rugged,USB Micro Type B connector,*,USB Micro Type B connector,
33,1,J33,*,https://www.hirose.com/en/product/document?clcode=&productname=&series=DM3&documenttype=Catalog&lang=en&documentid=D49662_en,microSD_HC_Hirose_DM3AT-SF-PEJM5,Micro SD Card Socket with two card detection pins,Hirose,DM3AT-SF-PEJM5(41),
34,2,J34 J36,*,,SolderWirePad_1x01_SMD_4x8mm,"Generic connector, single row, 01x01, script generated (kicad-library-utils/schlib/autogen/connector/)",*,*,
35,1,J35,*,,BarrelJack_Horizontal,DC Barrel Jack with a mounting pin,*,Barrel Jack,
36,2,J4 J9,*,,Molex_Micro-Fit_3.0_43045-0612_2x03_P3.00mm_Vertical,"Generic connector, double row, 02x03, odd/even pin numbering scheme (row 1 odd numbers, row 2 even numbers), script generated (kicad-library-utils/schlib/autogen/connector/) Generic connector, double row, 02x02, counter clockwise pin numbering scheme (similar to DIP package numbering), script generated (kicad-library-utils/schlib/autogen/connector/)",Molex,430450612,
37,2,K1 K2,5V,http://www.te.com/commerce/DocumentDelivery/DDEController?Action=srchrtrv&DocNm=108-98001&DocType=SS&DocLang=EN,Relay_DPDT_AXICOM_IMSeries_JLeg,"IM Relay, high sensitive version, monostable, switching current 2/5A, power 60W/62.5VA, voltage 220VDC/250VAC",TE Connectivity,IM23GR,
38,1,L1,3.3uF,https://products.sumida.com/products/pdf/CDRH4D28.pdf,Inductor_4.7x4.7mm,Inductor,Pulse Electronics,PA4332.332NLT,
39,2,Q1 Q2,*,https://assets.nexperia.com/documents/data-sheet/BC846_SER.pdf,SOT-23,"0.1A Ic, 65V Vce, NPN Transistor, SOT-23",Nexperia,BC846,
40,1,Q3,*,,TO-263-3_TabPin2,"P-MOSFET transistor, gate/drain/source, 60V-120A, 9mOhm",VISHAY,SQM120P06-07L,
41,3,R54 R73 R74,0R,,R_0603_1608Metric_Pad0.98x0.95mm_HandSolder,"Chip Resistor, 1%  100ppm/°C  50V",*,*,
42,2,R72 R79,10R,,R_0603_1608Metric_Pad0.98x0.95mm_HandSolder,"Chip Resistor, 1%  100ppm/°C  50V",*,*,
43,24,R2 R3 R4 R5 R10 R11 R17 R18 R24 R25 R26 R27 R28 R29 R30 R31 R40 R41 R42 R43 R44 R45 R52 R53,22R,,R_0603_1608Metric_Pad0.98x0.95mm_HandSolder,"Chip Resistor, 1%  100ppm/°C  50V",*,*,
44,2,R55 R56,54R,,R_0603_1608Metric_Pad0.98x0.95mm_HandSolder,"Chip Resistor, 1%  100ppm/°C  50V",*,*,
45,2,R21 R22,604R,,R_0603_1608Metric_Pad0.98x0.95mm_HandSolder,"Chip Resistor, 1%  100ppm/°C  50V",*,*,
46,1,R70,1k,,R_0603_1608Metric_Pad0.98x0.95mm_HandSolder,"Chip Resistor, 1%  100ppm/°C  50V",*,*,
47,4,R12 R46 R47 R71,3.3k,,R_0603_1608Metric_Pad0.98x0.95mm_HandSolder,"Chip Resistor, 1%  100ppm/°C  50V",*,*,
48,15,R6 R9 R14 R19 R20 R32 R33 R48 R49 R58 R59 R60 R61 R62 R63,4.7k,,R_0805_2012Metric_Pad1.20x1.40mm_HandSolder,"Chip Resistor, 1%  100ppm/°C  50V",*,*,
49,3,R8 R34 R35,9.1k,,R_0805_2012Metric_Pad1.20x1.40mm_HandSolder,"Chip Resistor, 1%  100ppm/°C  50V",*,*,
50,21,R1 R7 R13 R15 R16 R23 R50 R51 R57 R64 R65 R66 R67 R68 R75 R76 R77 R78 R81 R82 R84,10k,,R_0603_1608Metric_Pad0.98x0.95mm_HandSolder,"Chip Resistor, 1%  100ppm/°C  50V",*,*,
51,2,R38 R39,11k,,R_0805_2012Metric_Pad1.20x1.40mm_HandSolder,"Chip Resistor, 1%  100ppm/°C  50V",*,*,
52,2,R36 R37,22k,,R_0805_2012Metric_Pad1.20x1.40mm_HandSolder,"Chip Resistor, 1%  100ppm/°C  50V",*,*,
53,1,R83,54.9k,,R_0805_2012Metric_Pad1.20x1.40mm_HandSolder,"Chip Resistor, 1%  100ppm/°C  50V",*,*,
54,1,R80,100k,,R_0805_2012Metric_Pad1.20x1.40mm_HandSolder,"Chip Resistor, 1%  100ppm/°C  50V",*,*,
55,3,SW1 SW2 SW3,*,,SW_SPST_CK_RS282G05A3,"Push button switch, generic, two pins",*,Button,
56,1,SW4,*,,SW_DIP_SPSTx04_Slide_Copal_CHS-04B_W7.62mm_P1.27mm,"4x DIP Switch, Single Pole Single Throw (SPST) switch, small symbol",C&K,TDA04H0JB1R / TDP04H0SB1,
57,1,U1,*,https://www.st.com/resource/en/datasheet/stm32u073rc.pdf,LQFP-64_10x10mm_P0.5mm,"STMicroelectronics Arm Cortex-M0+ MCU, 256KB flash, 40KB RAM, 56 MHz, 53 GPIO, LQFP64",STMicroelectronics,STM32U073RCTx,
58,1,U10,*,,VISHAY_VEML6030_2X2X0.87,"Optical Sensor Ambient 550nm I2C 6-SMD, No Lead",Vishay Semiconductor,VEML6030,
59,1,U3,*,,XCVR_ESP32-C6-WROOM-1U-N8,"802.15.4, Bluetooth, WiFi 802.11ax, Bluetooth v5.3, Zigbee® Transceiver Module 2.4GHz Antenna Not Included, U.FL Surface Mount",Espressif Systems,ESP32-C6-WROOM-1U-N8,
60,1,U4,*,http://www.nxp.com/docs/en/data-sheet/TJA1042.pdf,SOIC-8_3.9x4.9mm_P1.27mm,"High-Speed CAN Transceiver, separate VIO, standby mode, SOIC-8",NXP,TJA1042BT,
61,1,U7,*,https://www.ti.com/lit/ds/symlink/thvd2452v.pdf,SOIC-14_3.9x8.7mm_P1.27mm,"RS-485, Full-duplex 20Mbps transceiver, SOIC-14",Texas Instruments,THVD2452V,
62,1,U8,*,,Texas_DYY0016A_TSOT-23-16_2x4.2mm_P0.5mm,3- to 5.5-V dual channel 1Mbps RS-232 line driver/receiver with +/-15-kV IEC-ESD protection,Texas Instruments,TRSF3232EIDYYR,
63,1,U9,*,https://www.bosch-sensortec.com/media/boschsensortec/downloads/datasheets/bst-bme280-ds002.pdf,Bosch_LGA-8_2.5x2.5mm_P0.65mm_ClockwisePinNumbering,"3-in-1 sensor, humidity, pressure, temperature, I2C and SPI interface, 1.71-3.6V, LGA-8",Bosch,BME280,
64,1,U13,3V3,http://www.ti.com/lit/ds/symlink/lm1085.pdf,TO-263-3_TabPin2,"3A 27V Linear Regulator, Fixed Output 3.3V, TO-220/TO-263",Texas Instrument,LM1085-3.3,
65,1,U12,5V,http://www.ti.com/lit/ds/symlink/tps563200.pdf,SOT-23-6,"3A Synchronous Step-Down Voltage Regulator, Adjustable Output Voltage, 4.5-17V Input Voltage, SOT-23-6",Texas Instrument,TPS563200,
66,2,U5 U6,G=1,,TSSOP-14_4.4x5mm_P0.65mm,Quad operational amplifier,Texas Instruments,OPA4323,
67,1,U11,LSM6DSV,,LGA-14_3X2.5_P0.83mm,"Accelerometer, Gyroscope, Temperature, 6 Axis Sensor I²C, I3C℠, SPI Output",STMicroelectronics,LSM6DSV16BXTR,
68,1,U2,TCAL9539,https://www.ti.com/lit/gpn/TCAL9539,TSSOP-24_4.4x7.8mm_P0.65mm,"16-bit I/O expander, I2C and SMBus interface, interrupts, w/o pull-ups, TSSOP-24 package",Texas Instruments,TCAL9539,
69,1,Y2,16MHz,,Crystal_SMD_2012-2Pin_2.0x1.2mm,Two pin crystal,*,Crystal,
70,1,Y1,32.768kHz,,Crystal_SMD_2012-2Pin_2.0x1.2mm,Two pin crystal,*,Crystal,
